timestamp,request_id,user_address,user_label,participant_address,judge_api_result,actual_decision,is_correct
1763620347,0x491e930303f08a8be1d0a042bd61767d06f06bbf29164efd900c1d03c3e44d6d_1763620341,0x00250255a1fd94ccf33ff1da362e5059a621fdcb,illegal,0x9a982767d77CC8eB537eC6c412db6a4281D1b64d,1,no_audit_needed,0
1763620387,0x491e930303f08a8be1d0a042bd61767d06f06bbf29164efd900c1d03c3e44d6d_1763620383,0x00250255a1fd94ccf33ff1da362e5059a621fdcb,illegal,0x9a982767d77CC8eB537eC6c412db6a4281D1b64d,1,no_audit_needed,0
1763621265,0x491e930303f08a8be1d0a042bd61767d06f06bbf29164efd900c1d03c3e44d6d_1763621258,0x00250255a1fd94ccf33ff1da362e5059a621fdcb,illegal,0x9a982767d77CC8eB537eC6c412db6a4281D1b64d,0,no_audit_needed,0
1763621549,0x491e930303f08a8be1d0a042bd61767d06f06bbf29164efd900c1d03c3e44d6d_1763621545,0x00250255a1fd94ccf33ff1da362e5059a621fdcb,illegal,0x9a982767d77CC8eB537eC6c412db6a4281D1b64d,0,no_audit_needed,0
1763621553,0x491e930303f08a8be1d0a042bd61767d06f06bbf29164efd900c1d03c3e44d6d_1763621549,0x00250255a1fd94ccf33ff1da362e5059a621fdcb,illegal,0x00489559D3dc30DC1Cbf431281FC6F232d35e20e,0,no_audit_needed,0
1763621557,0x491e930303f08a8be1d0a042bd61767d06f06bbf29164efd900c1d03c3e44d6d_1763621553,0x00250255a1fd94ccf33ff1da362e5059a621fdcb,illegal,0x80bc4E147aCC02640F37B63d6269E1CF9812cd2B,0,no_audit_needed,0
1763622644,0x491e930303f08a8be1d0a042bd61767d06f06bbf29164efd900c1d03c3e44d6d_1763622637,0x00250255a1fd94ccf33ff1da362e5059a621fdcb,illegal,0x9a982767d77CC8eB537eC6c412db6a4281D1b64d,1,no_audit_needed,0
1763622650,0x491e930303f08a8be1d0a042bd61767d06f06bbf29164efd900c1d03c3e44d6d_1763622644,0x00250255a1fd94ccf33ff1da362e5059a621fdcb,illegal,0x00489559D3dc30DC1Cbf431281FC6F232d35e20e,1,no_audit_needed,0
1763622654,0x491e930303f08a8be1d0a042bd61767d06f06bbf29164efd900c1d03c3e44d6d_1763622650,0x00250255a1fd94ccf33ff1da362e5059a621fdcb,illegal,0x80bc4E147aCC02640F37B63d6269E1CF9812cd2B,1,no_audit_needed,0
1763622734,0x491e930303f08a8be1d0a042bd61767d06f06bbf29164efd900c1d03c3e44d6d_1763622730,0x00250255a1fd94ccf33ff1da362e5059a621fdcb,illegal,0x9a982767d77CC8eB537eC6c412db6a4281D1b64d,0,no_audit_needed,0
1763622738,0x491e930303f08a8be1d0a042bd61767d06f06bbf29164efd900c1d03c3e44d6d_1763622734,0x00250255a1fd94ccf33ff1da362e5059a621fdcb,illegal,0x00489559D3dc30DC1Cbf431281FC6F232d35e20e,0,no_audit_needed,0
1763622741,0x491e930303f08a8be1d0a042bd61767d06f06bbf29164efd900c1d03c3e44d6d_1763622738,0x00250255a1fd94ccf33ff1da362e5059a621fdcb,illegal,0x80bc4E147aCC02640F37B63d6269E1CF9812cd2B,0,no_audit_needed,0
1763623525,0x491e930303f08a8be1d0a042bd61767d06f06bbf29164efd900c1d03c3e44d6d_1763623512,0x00250255a1fd94ccf33ff1da362e5059a621fdcb,illegal,0x9a982767d77CC8eB537eC6c412db6a4281D1b64d,0,no_audit_needed,0
1763623529,0x491e930303f08a8be1d0a042bd61767d06f06bbf29164efd900c1d03c3e44d6d_1763623525,0x00250255a1fd94ccf33ff1da362e5059a621fdcb,illegal,0x00489559D3dc30DC1Cbf431281FC6F232d35e20e,0,no_audit_needed,0
1763623537,0x491e930303f08a8be1d0a042bd61767d06f06bbf29164efd900c1d03c3e44d6d_1763623529,0x00250255a1fd94ccf33ff1da362e5059a621fdcb,illegal,0x80bc4E147aCC02640F37B63d6269E1CF9812cd2B,0,no_audit_needed,0
1763624886,0x491e930303f08a8be1d0a042bd61767d06f06bbf29164efd900c1d03c3e44d6d_1763624879,0x00250255a1fd94ccf33ff1da362e5059a621fdcb,illegal,0x9a982767d77CC8eB537eC6c412db6a4281D1b64d,0,no_audit_needed,0
1763624893,0x491e930303f08a8be1d0a042bd61767d06f06bbf29164efd900c1d03c3e44d6d_1763624886,0x00250255a1fd94ccf33ff1da362e5059a621fdcb,illegal,0x00489559D3dc30DC1Cbf431281FC6F232d35e20e,0,no_audit_needed,0
1763624897,0x491e930303f08a8be1d0a042bd61767d06f06bbf29164efd900c1d03c3e44d6d_1763624893,0x00250255a1fd94ccf33ff1da362e5059a621fdcb,illegal,0x80bc4E147aCC02640F37B63d6269E1CF9812cd2B,0,no_audit_needed,0
1763626395,0x491e930303f08a8be1d0a042bd61767d06f06bbf29164efd900c1d03c3e44d6d_1763626387,0x00250255a1fd94ccf33ff1da362e5059a621fdcb,illegal,0x00489559D3dc30DC1Cbf431281FC6F232d35e20e,0,no_audit_needed,0
1763626398,0x491e930303f08a8be1d0a042bd61767d06f06bbf29164efd900c1d03c3e44d6d_1763626395,0x00250255a1fd94ccf33ff1da362e5059a621fdcb,illegal,0x80bc4E147aCC02640F37B63d6269E1CF9812cd2B,0,no_audit_needed,0
1763626402,0x491e930303f08a8be1d0a042bd61767d06f06bbf29164efd900c1d03c3e44d6d_1763626398,0x00250255a1fd94ccf33ff1da362e5059a621fdcb,illegal,0x1fd000468D9E73c53e84bC42fB0F86E83fA96792,0,no_audit_needed,0
